T1,ET,T2,T3,RTT,RTF,Cost,BytesUp1,BytesDown1,BytesDown2,BytesPerSecUp1,BytesPerSecDown1,BytesPerSecDown2,T4,CL,FRTT,FCL,Pipeline,Application
2.688422400,1.546127717,.840759809,4.066178700,8.300728817,NA,.0000068716,166848,879128,NA,62061.6760223393,216204.9592163767,NA,NA,6.754601100,8.300728817,6.754601100,Cloud-Only,YOLO
T1,ET,T2,T3,RTT,RTF,Cost,BytesUp1,BytesDown1,BytesDown2,BytesPerSecUp1,BytesPerSecDown1,BytesPerSecDown2,T4,CL,FRTT,FCL,Pipeline,Application
2.429914100,1.532491324,.903462327,5.528597100,9.491002524,NA,.0000068110,166848,879128,NA,68664.1556588358,159014.6621463879,NA,NA,7.958511200,9.491002524,7.958511200,Cloud-Only,YOLO
2.593367300,1.591778787,.624592581,3.520739700,7.705885787,NA,.0000070745,144956,837676,NA,55894.8977262110,237926.1380783134,NA,NA,6.114107000,7.705885787,6.114107000,Cloud-Only,YOLO
3.690489100,1.405782966,.567306049,3.005142700,8.101414766,NA,.0000062478,386316,765420,NA,104678.8080203244,254703.3789776438,NA,NA,6.695631800,8.101414766,6.695631800,Cloud-Only,YOLO
