T1,ET,T2,T3,RTT,RTF,Cost,BytesUp,BytesDown,BytesDownEdgeCloud,EdgeCloudT4
1.420197000,.009333195,.532055706,2.216943800,3.646473995,NA,.0000000414,3100,2944,NA,NA
T1,ET,T2,T3,RTT,RTF,Cost,BytesUp,BytesDown,BytesDownEdgeCloud,EdgeCloudT4
1.389040900,.009104262,.343346132,1.765421000,3.163566162,NA,.0000000404,3100,2944,NA,NA
1.405636000,.009302598,.296456223,1.795570400,3.210508998,NA,.0000000413,3108,2944,NA,NA
1.405817000,.009037983,.340831248,1.766287300,3.181142283,NA,.0000000401,3108,2944,NA,NA
1.410092200,.013504483,.297055121,1.732782400,3.156379083,NA,.0000000600,3108,2944,NA,NA
1.498540700,.013363747,.342085523,1.732110300,3.244014747,NA,.0000000593,3120,2944,NA,NA
1.327923500,.013474485,.294568143,1.796571300,3.137969285,NA,.0000000598,2944,2944,NA,NA
