T1,ET,T2,T3,RTT,RTF,Cost,BytesUp1,BytesDown1,BytesDown2,BytesPerSecUp1,BytesPerSecDown1,BytesPerSecDown2,Pipeline,Application
1.717390700,1.517628546,.726372049,2.045428900,5.280448146,NA,.0000067449,166856,879104,NA,97156.6924171651,429789.5663838523
1.702607000,1.509572589,.592409562,1.999783200,5.211962789,NA,.0000067091,144964,837652,NA,85142.3728435276,418871.4056603735
1.810983200,1.414792913,.537607351,2.036312500,5.262088613,NA,.0000062879,386324,765396,NA,213322.7961474187,375873.5459316779
