T1,ET,T2,T3,RTT,RTF,Cost,BytesUp,BytesDown,BytesDownEdgeCloud,EdgeCloudT4
1.269303000,.062971248,1.125677010,1.121343700,2.453617948,NA,.0000001399,3272,NA,NA,NA
1.208070500,.060187870,1.115178747,1.164371800,2.432630170,NA,.0000001337,3280,NA,NA,NA
1.174122000,.075614265,1.082815205,1.183443400,2.433179665,NA,.0000001680,3280,NA,NA,NA
1.313557400,.054965738,1.621681574,1.232548800,2.601071938,NA,.0000001221,3280,NA,NA,NA
1.232007000,.056765615,1.132797895,1.265197200,2.553969815,NA,.0000001261,3280,NA,NA,NA
