T1,ET,T2,T3,RTT,RTF,Cost,BytesUp,BytesDown,BytesDownEdgeCloud,EdgeCloudT4
1.096069800,12.762937424,1.330385078,1.257423000,15.116430224,1.9219482238,.0000283617,216024,NA,NA,NA
1.218928700,14.643819087,1.281420870,1.111897400,16.974645187,2.2051868742,.0000325414,216044,NA,NA,NA
1.215290500,8.734969960,1.137591588,.981796900,10.932057360,1.9166930074,.0000194108,149280,NA,NA,NA
