T1,ET,T2,T3,RTT,RTF,Cost,BytesUp,BytesDown
1.185456300,5.772170000
1.056222700,.916871100
1.278436000,.925173700
