T1,ET,T2,T3,RTT,RTF,Cost,BytesUp1,BytesDown1,BytesDown2,BytesPerSecUp1,BytesPerSecDown1,BytesPerSecDown2,Pipeline,Application
1.689349800,1.505713128,.350768981,2.085473000,5.280535928,NA,.0000066919,166856,879104,NA,98769.3608511392,421536.9846552796
1.664200000,1.484652300,.461471439,2.091683200,5.240535500,NA,.0000065983,144964,837652,NA,87107.3188318711,400467.9102456815
1.846771600,1.412592634,.402184003,2.039974700,5.299338934,NA,.0000062781,386324,765396,NA,209188.8352625738,375198.7708475011
