T1,ET,T2,T3,RTT,RTF,Cost,BytesUp,BytesDown,BytesDownEdgeCloud,EdgeCloudT4
T1,ET,T2,T3,RTT,RTF,Cost,BytesUp,BytesDown,BytesDownEdgeCloud,EdgeCloudT4
T1,ET,T2,T3,RTT,RTF,Cost,BytesUp,BytesDown,BytesDownEdgeCloud,EdgeCloudT4
T1,ET,T2,T3,RTT,RTF,Cost,BytesUp,BytesDown,BytesDownEdgeCloud,EdgeCloudT4
1.491099800,2.270760426,1.038664783,1.868487100,5.630347326,NA,.0000100921,166856,879092,NA,NA
1.515195500,1.675940059,.580550924,2.093943200,5.285078759,NA,.0000074485,144964,837632,NA,NA
1.548931000,1.433341487,.591565660,1.800122900,4.782395387,NA,.0000063703,386324,765376,NA,NA
