T1,ET,T2,T3,RTT,RTF,Cost,BytesUp1,BytesDown1,BytesDown2,BytesPerSecUp1,BytesPerSecDown1,BytesPerSecDown2,Pipeline,Application
2.378383500,2.488530358,1.079312149,1.099597800,5.966511658,NA,.0000055300,433700,6192,NA,482188.4828526540,5631.1498622496,NA,Cloud/Edge,Aeneas
