T1,ET,T2,T3,RTT,RTF,Cost,BytesUp,BytesDown
1.360661300,1.041956100
1.209281600,1.009977400
1.186355800,.957883500
