T1,ET,T2,T3,RTT,RTF,Cost,BytesUp1,BytesDown1,BytesDown2,BytesPerSecUp1,BytesPerSecDown1,BytesPerSecDown2,Pipeline,Application
1.959347600,2.500441512,1.133469083,1.175856800,5.635645912,NA,.0000055564,433740,6272,NA,629347.3473526624,5333.9828455301,NA,Cloud/Edge,Aeneas
