T1,ET,T2,T3,RTT,RTF,Cost,BytesUp1,BytesDown1,BytesDown2,BytesPerSecUp1,BytesPerSecDown1,BytesPerSecDown2,Pipeline,Application
1.751220900,1.504197691,.401245479,2.391113000,5.646531591,NA,.0000066852,166856,879104,NA,95279.8130721258,367654.7281537928,Cloud-Only,YOLO
1.767989800,1.501559113,.649354769,2.896882700,6.166431613,NA,.0000066735,144964,837652,NA,81993.6857101777,289156.3403654555,Cloud-Only,YOLO
1.947328000,1.404350041,.353040967,2.410021700,5.761699741,NA,.0000062414,386324,765396,NA,198386.7124593288,317588.8416274426,Cloud-Only,YOLO
