T1,ET,T2,T3,RTT,RTF,Cost,BytesUp,BytesDown,BytesDownEdgeCloud,EdgeCloudT4
1.320741300,12.445298882,1.804995601,1.161680300,14.927720482,NA,.0000276559,167188,NA,17.491791524
1.279814700,11.769265900,1.794557670,1.615525800,14.664606400,NA,.0000261536,145296,NA,26.636176904
1.286978100,11.545058085,1.525104466,1.330257200,14.162293385,NA,.0000256554,386656,NA,20.082142970
