T1,ET,T2,T3,RTT,RTF,Cost,BytesUp1,BytesDown1,BytesDown2,BytesPerSecUp1,BytesPerSecDown1,BytesPerSecDown2,Pipeline,Application
NA.995268400,2.519361050,1.081698080,5.647405300,108.162034750,NA,.0000055985,NA3256,6272,NA,NA100323.87847114509933.0299912470,1110.5985256627,NA,Cloud/Edge,Aeneas
