T1,ET,T2,T3,RTT,RTF,Cost,BytesUp1,BytesDown1,BytesDown2,BytesPerSecUp1,BytesPerSecDown1,BytesPerSecDown2,T4,CL,Pipeline,Application
3.232459,4.826647103,0.58765006,2.0890082,10.1481143,0.72683627,2.15E-05,215692,2996,NA,66726.90976,1434.173403,NA,NA,5.321467197,Cloud-Only,Pocket-Sphinx
1.9492623,3.579213228,0.577218396,2.1067587,7.635234228,0.785377969,1.59E-05,148948,3028,NA,76412.49718,1437.278982,NA,NA,4.056021,Cloud-Only,Pocket-Sphinx
2.690426,3.579213228,0.577218396,2.2684589,8.538098128,0.785377969,1.59E-05,215712,2572,NA,80177.6373,1133.809389,NA,NA,4.9588849,Cloud-Only,Pocket-Sphinx
2.6081779,4.554156668,0.613035687,1.9396748,9.102009368,0.685802416,2.02E-05,215692,3036,NA,82698.34661,1565.210828,NA,NA,4.5478527,Cloud-Only,Pocket-Sphinx
2.893882,4.4245848,0.562461279,1.6033742,8.921841,0.666290417,1.97E-05,215712,3036,NA,74540.70346,1893.506831,NA,NA,4.4972562,Cloud-Only,Pocket-Sphinx
2.6031419,4.987462017,0.572679817,2.4174457,10.00804962,0.751053104,2.22E-05,215712,2964,NA,82866.01664,1226.087519,NA,NA,5.020587603,Cloud-Only,Pocket-Sphinx
