T1,ET,T2,T3,RTT,RTF,Cost,BytesUp1,BytesDown1,BytesDown2,BytesPerSecUp1,BytesPerSecDown1,BytesPerSecDown2,T4,CL,Pipeline,Application
3.9282496,2.647501,0.863001,2.8071569,9.3829075,NA,1.30E-05,166856,879052,NA,42475.91599,313146.7286,NA,NA,6.7354065,Cloud-Only,YOLO
3.0699505,2.711701924,1.005048212,2.4666256,8.248278024,NA,1.21E-05,166856,879052,NA,54351.36495,356378.3657,NA,NA,5.5365761,Cloud-Only,YOLO
1.9422907,2.115574146,0.639403804,2.7610161,6.818880946,NA,9.40E-06,144964,837600,NA,74635.58364,303366.5758,NA,NA,4.7033068,Cloud-Only,YOLO
2.4120044,1.478335232,0.694750219,2.3605152,6.250854832,NA,6.57E-06,144964,837612,NA,60101.05123,354842.875,NA,NA,4.7725196,Cloud-Only,YOLO
2.9032581,1.941654264,0.618098384,2.8383746,7.683286964,NA,8.63E-06,386324,765344,NA,133065.6754,269641.6463,NA,NA,5.7416327,Cloud-Only,YOLO
3.41704,1.435728115,0.614324043,2.3314606,7.184228715,NA,6.38E-06,386324,765396,NA,113058.0854,328290.343,NA,NA,5.7485006,Cloud-Only,YOLO
